{
  "timestamp": "2026-05-18T15:13:33.152Z",
  "pg": {
    "min": 0.18079200000011042,
    "mean": 0.3239578359999989,
    "median": 0.2823750000000018,
    "p95": 0.5282499999998436,
    "p99": 1.4746249999998327,
    "max": 3.5788330000000315,
    "count": 1000
  },
  "mg": {
    "min": 0.19766600000002654,
    "mean": 0.3822447690000004,
    "median": 0.32595800000012787,
    "p95": 0.5982499999997799,
    "p99": 1.7568340000000262,
    "max": 4.311791000000085,
    "count": 1000
  }
}