{
  "timestamp": "2026-05-18T15:13:34.914Z",
  "pg": {
    "min": 0.19624999999996362,
    "mean": 0.29482687399999574,
    "median": 0.2804999999998472,
    "p95": 0.3975000000000364,
    "p99": 0.5551669999999831,
    "max": 4.638333000000102,
    "count": 1000
  },
  "mg": {
    "min": 0.19916699999998855,
    "mean": 0.32027318300000435,
    "median": 0.301290999999992,
    "p95": 0.43362500000012005,
    "p99": 0.5903340000002117,
    "max": 4.348124999999982,
    "count": 1000
  }
}